timestamp,speaker,message
2025-09-24T04:34:28,user,为什么我的font awsome图标不现实在mac里面
2025-09-24T04:34:28,assistant,你目前只引入了 fontawesome.min.css 和 brands.min.css，缺少 all.min.css 或 webfonts 路径配置，导致 Mac 上显示不出来。解决方法包括使用 all.min.css、本地 webfonts 文件夹，或 CDN。
2025-09-24T04:34:28,user,ok
2025-09-24T04:34:28,assistant,那你把项目里 fontawesome/ 文件夹的目录结构 发给我看一下，这样我就能判断是不是缺少 webfonts 或路径有问题。要不要我写个小测试 HTML 帮你验证？
2025-09-24T04:34:28,user,当我在vscode里面使用npm start的时候显示不出来，使用open with live server就可以
2025-09-24T04:34:28,assistant,这说明问题出在资源路径解析。npm start 下 dev server 没有正确处理 webfonts 文件，而 Live Server 直接读文件没问题。解决方法：放到 public/ 下、用 CDN、或修正 webfonts 路径。
2025-09-24T04:34:28,user,为什么npm start可以使用scss 但是 open with live server不行
2025-09-24T04:34:28,assistant,npm start 背后有构建工具（Vite/Webpack/CRA）会编译 SCSS → CSS；Live Server 只是静态服务器，浏览器不认识 SCSS 所以不行。解决方法：预编译 SCSS 成 CSS，或继续用 npm start。
2025-09-24T04:34:28,user,can you give me llm_log.csv
2025-09-24T04:34:28,assistant,我没看到项目里有 llm_log.csv，你可以上传或让我帮你生成。你想要什么样的格式？要不要我生成一个示例？
2025-09-24T04:34:28,user,i want to submit our conversation to professor what should i do
2025-09-24T04:34:28,assistant,你可以导出为 PDF（推荐）、DOCX、或 CSV。我建议 PDF 适合阅读，CSV 适合日志。你要哪一种？
2025-09-24T04:34:28,user,give me csv log
